"datetime","reference_datetime","model_id","site_id","parameter","family","prediction","variable","depth_m","duration","project_id"
2024-07-28,2024-07-28,"fdom_AR_dwh","fcre",1,"ensemble",18.6260274079685,"fDOM_QSU_mean",1.6,"P1D","vera4cast"
2024-07-29,2024-07-28,"fdom_AR_dwh","fcre",1,"ensemble",16.8270009371096,"fDOM_QSU_mean",1.6,"P1D","vera4cast"
2024-07-30,2024-07-28,"fdom_AR_dwh","fcre",1,"ensemble",16.9418072581732,"fDOM_QSU_mean",1.6,"P1D","vera4cast"
2024-07-31,2024-07-28,"fdom_AR_dwh","fcre",1,"ensemble",17.8174002135798,"fDOM_QSU_mean",1.6,"P1D","vera4cast"
2024-08-01,2024-07-28,"fdom_AR_dwh","fcre",1,"ensemble",19.7766615282924,"fDOM_QSU_mean",1.6,"P1D","vera4cast"
2024-08-02,2024-07-28,"fdom_AR_dwh","fcre",1,"ensemble",19.2568999705271,"fDOM_QSU_mean",1.6,"P1D","vera4cast"
2024-08-03,2024-07-28,"fdom_AR_dwh","fcre",1,"ensemble",21.2654445299309,"fDOM_QSU_mean",1.6,"P1D","vera4cast"
2024-08-04,2024-07-28,"fdom_AR_dwh","fcre",1,"ensemble",23.0545356545607,"fDOM_QSU_mean",1.6,"P1D","vera4cast"
2024-08-05,2024-07-28,"fdom_AR_dwh","fcre",1,"ensemble",21.6921343432177,"fDOM_QSU_mean",1.6,"P1D","vera4cast"
2024-08-06,2024-07-28,"fdom_AR_dwh","fcre",1,"ensemble",22.4634764588542,"fDOM_QSU_mean",1.6,"P1D","vera4cast"
2024-08-07,2024-07-28,"fdom_AR_dwh","fcre",1,"ensemble",23.5303132062438,"fDOM_QSU_mean",1.6,"P1D","vera4cast"
2024-08-08,2024-07-28,"fdom_AR_dwh","fcre",1,"ensemble",25.654616683559,"fDOM_QSU_mean",1.6,"P1D","vera4cast"
2024-08-09,2024-07-28,"fdom_AR_dwh","fcre",1,"ensemble",25.2861387497328,"fDOM_QSU_mean",1.6,"P1D","vera4cast"
2024-08-10,2024-07-28,"fdom_AR_dwh","fcre",1,"ensemble",25.2911298217116,"fDOM_QSU_mean",1.6,"P1D","vera4cast"
2024-08-11,2024-07-28,"fdom_AR_dwh","fcre",1,"ensemble",24.2223753795627,"fDOM_QSU_mean",1.6,"P1D","vera4cast"
2024-08-12,2024-07-28,"fdom_AR_dwh","fcre",1,"ensemble",24.4860062652164,"fDOM_QSU_mean",1.6,"P1D","vera4cast"
2024-08-13,2024-07-28,"fdom_AR_dwh","fcre",1,"ensemble",26.4104689651103,"fDOM_QSU_mean",1.6,"P1D","vera4cast"
2024-07-28,2024-07-28,"fdom_AR_dwh","fcre",2,"ensemble",18.7501358117566,"fDOM_QSU_mean",1.6,"P1D","vera4cast"
2024-07-29,2024-07-28,"fdom_AR_dwh","fcre",2,"ensemble",20.0119616838002,"fDOM_QSU_mean",1.6,"P1D","vera4cast"
2024-07-30,2024-07-28,"fdom_AR_dwh","fcre",2,"ensemble",19.7039463755892,"fDOM_QSU_mean",1.6,"P1D","vera4cast"
2024-07-31,2024-07-28,"fdom_AR_dwh","fcre",2,"ensemble",21.0010700152785,"fDOM_QSU_mean",1.6,"P1D","vera4cast"
2024-08-01,2024-07-28,"fdom_AR_dwh","fcre",2,"ensemble",21.9061176698865,"fDOM_QSU_mean",1.6,"P1D","vera4cast"
2024-08-02,2024-07-28,"fdom_AR_dwh","fcre",2,"ensemble",21.4511178200614,"fDOM_QSU_mean",1.6,"P1D","vera4cast"
2024-08-03,2024-07-28,"fdom_AR_dwh","fcre",2,"ensemble",20.9709436547625,"fDOM_QSU_mean",1.6,"P1D","vera4cast"
2024-08-04,2024-07-28,"fdom_AR_dwh","fcre",2,"ensemble",20.1086146030193,"fDOM_QSU_mean",1.6,"P1D","vera4cast"
2024-08-05,2024-07-28,"fdom_AR_dwh","fcre",2,"ensemble",20.7209916607019,"fDOM_QSU_mean",1.6,"P1D","vera4cast"
2024-08-06,2024-07-28,"fdom_AR_dwh","fcre",2,"ensemble",21.8108914886215,"fDOM_QSU_mean",1.6,"P1D","vera4cast"
2024-08-07,2024-07-28,"fdom_AR_dwh","fcre",2,"ensemble",24.0376709543928,"fDOM_QSU_mean",1.6,"P1D","vera4cast"
2024-08-08,2024-07-28,"fdom_AR_dwh","fcre",2,"ensemble",23.2305145481413,"fDOM_QSU_mean",1.6,"P1D","vera4cast"
2024-08-09,2024-07-28,"fdom_AR_dwh","fcre",2,"ensemble",23.0107298457709,"fDOM_QSU_mean",1.6,"P1D","vera4cast"
2024-08-10,2024-07-28,"fdom_AR_dwh","fcre",2,"ensemble",23.3202422938901,"fDOM_QSU_mean",1.6,"P1D","vera4cast"
2024-08-11,2024-07-28,"fdom_AR_dwh","fcre",2,"ensemble",23.6900437779499,"fDOM_QSU_mean",1.6,"P1D","vera4cast"
2024-08-12,2024-07-28,"fdom_AR_dwh","fcre",2,"ensemble",23.1885870905363,"fDOM_QSU_mean",1.6,"P1D","vera4cast"
2024-08-13,2024-07-28,"fdom_AR_dwh","fcre",2,"ensemble",22.5344394877881,"fDOM_QSU_mean",1.6,"P1D","vera4cast"
2024-07-28,2024-07-28,"fdom_AR_dwh","fcre",3,"ensemble",18.5039437374319,"fDOM_QSU_mean",1.6,"P1D","vera4cast"
2024-07-29,2024-07-28,"fdom_AR_dwh","fcre",3,"ensemble",18.5745986122941,"fDOM_QSU_mean",1.6,"P1D","vera4cast"
2024-07-30,2024-07-28,"fdom_AR_dwh","fcre",3,"ensemble",18.5933438330937,"fDOM_QSU_mean",1.6,"P1D","vera4cast"
2024-07-31,2024-07-28,"fdom_AR_dwh","fcre",3,"ensemble",17.9586993102927,"fDOM_QSU_mean",1.6,"P1D","vera4cast"
2024-08-01,2024-07-28,"fdom_AR_dwh","fcre",3,"ensemble",18.1123064999668,"fDOM_QSU_mean",1.6,"P1D","vera4cast"
2024-08-02,2024-07-28,"fdom_AR_dwh","fcre",3,"ensemble",18.2788112906966,"fDOM_QSU_mean",1.6,"P1D","vera4cast"
2024-08-03,2024-07-28,"fdom_AR_dwh","fcre",3,"ensemble",18.8152189103859,"fDOM_QSU_mean",1.6,"P1D","vera4cast"
2024-08-04,2024-07-28,"fdom_AR_dwh","fcre",3,"ensemble",19.1573168181215,"fDOM_QSU_mean",1.6,"P1D","vera4cast"
2024-08-05,2024-07-28,"fdom_AR_dwh","fcre",3,"ensemble",19.3413840581921,"fDOM_QSU_mean",1.6,"P1D","vera4cast"
2024-08-06,2024-07-28,"fdom_AR_dwh","fcre",3,"ensemble",18.0014001697167,"fDOM_QSU_mean",1.6,"P1D","vera4cast"
2024-08-07,2024-07-28,"fdom_AR_dwh","fcre",3,"ensemble",19.3584434326424,"fDOM_QSU_mean",1.6,"P1D","vera4cast"
2024-08-08,2024-07-28,"fdom_AR_dwh","fcre",3,"ensemble",18.4829720556836,"fDOM_QSU_mean",1.6,"P1D","vera4cast"
2024-08-09,2024-07-28,"fdom_AR_dwh","fcre",3,"ensemble",18.4943077151272,"fDOM_QSU_mean",1.6,"P1D","vera4cast"
2024-08-10,2024-07-28,"fdom_AR_dwh","fcre",3,"ensemble",17.2145537179392,"fDOM_QSU_mean",1.6,"P1D","vera4cast"
2024-08-11,2024-07-28,"fdom_AR_dwh","fcre",3,"ensemble",18.5394489969903,"fDOM_QSU_mean",1.6,"P1D","vera4cast"
2024-08-12,2024-07-28,"fdom_AR_dwh","fcre",3,"ensemble",20.0573257446331,"fDOM_QSU_mean",1.6,"P1D","vera4cast"
2024-08-13,2024-07-28,"fdom_AR_dwh","fcre",3,"ensemble",18.4546187792782,"fDOM_QSU_mean",1.6,"P1D","vera4cast"
2024-07-28,2024-07-28,"fdom_AR_dwh","fcre",4,"ensemble",18.6883335036249,"fDOM_QSU_mean",1.6,"P1D","vera4cast"
2024-07-29,2024-07-28,"fdom_AR_dwh","fcre",4,"ensemble",17.4415497895206,"fDOM_QSU_mean",1.6,"P1D","vera4cast"
2024-07-30,2024-07-28,"fdom_AR_dwh","fcre",4,"ensemble",16.4374317664576,"fDOM_QSU_mean",1.6,"P1D","vera4cast"
2024-07-31,2024-07-28,"fdom_AR_dwh","fcre",4,"ensemble",16.2661192884324,"fDOM_QSU_mean",1.6,"P1D","vera4cast"
2024-08-01,2024-07-28,"fdom_AR_dwh","fcre",4,"ensemble",15.7701116523392,"fDOM_QSU_mean",1.6,"P1D","vera4cast"
2024-08-02,2024-07-28,"fdom_AR_dwh","fcre",4,"ensemble",14.9628129837241,"fDOM_QSU_mean",1.6,"P1D","vera4cast"
2024-08-03,2024-07-28,"fdom_AR_dwh","fcre",4,"ensemble",16.0891725449376,"fDOM_QSU_mean",1.6,"P1D","vera4cast"
2024-08-04,2024-07-28,"fdom_AR_dwh","fcre",4,"ensemble",15.8891101053699,"fDOM_QSU_mean",1.6,"P1D","vera4cast"
2024-08-05,2024-07-28,"fdom_AR_dwh","fcre",4,"ensemble",17.043680731941,"fDOM_QSU_mean",1.6,"P1D","vera4cast"
2024-08-06,2024-07-28,"fdom_AR_dwh","fcre",4,"ensemble",18.544185212694,"fDOM_QSU_mean",1.6,"P1D","vera4cast"
2024-08-07,2024-07-28,"fdom_AR_dwh","fcre",4,"ensemble",19.3487805355941,"fDOM_QSU_mean",1.6,"P1D","vera4cast"
2024-08-08,2024-07-28,"fdom_AR_dwh","fcre",4,"ensemble",20.4143517822771,"fDOM_QSU_mean",1.6,"P1D","vera4cast"
2024-08-09,2024-07-28,"fdom_AR_dwh","fcre",4,"ensemble",19.4380354396338,"fDOM_QSU_mean",1.6,"P1D","vera4cast"
2024-08-10,2024-07-28,"fdom_AR_dwh","fcre",4,"ensemble",18.7022395658616,"fDOM_QSU_mean",1.6,"P1D","vera4cast"
2024-08-11,2024-07-28,"fdom_AR_dwh","fcre",4,"ensemble",19.6011476574858,"fDOM_QSU_mean",1.6,"P1D","vera4cast"
2024-08-12,2024-07-28,"fdom_AR_dwh","fcre",4,"ensemble",18.5811656719225,"fDOM_QSU_mean",1.6,"P1D","vera4cast"
2024-08-13,2024-07-28,"fdom_AR_dwh","fcre",4,"ensemble",17.4918408112386,"fDOM_QSU_mean",1.6,"P1D","vera4cast"
2024-07-28,2024-07-28,"fdom_AR_dwh","fcre",5,"ensemble",18.7089328020945,"fDOM_QSU_mean",1.6,"P1D","vera4cast"
2024-07-29,2024-07-28,"fdom_AR_dwh","fcre",5,"ensemble",18.1144180085549,"fDOM_QSU_mean",1.6,"P1D","vera4cast"
2024-07-30,2024-07-28,"fdom_AR_dwh","fcre",5,"ensemble",18.7215821466637,"fDOM_QSU_mean",1.6,"P1D","vera4cast"
2024-07-31,2024-07-28,"fdom_AR_dwh","fcre",5,"ensemble",20.1404194796437,"fDOM_QSU_mean",1.6,"P1D","vera4cast"
2024-08-01,2024-07-28,"fdom_AR_dwh","fcre",5,"ensemble",20.7668154025896,"fDOM_QSU_mean",1.6,"P1D","vera4cast"
2024-08-02,2024-07-28,"fdom_AR_dwh","fcre",5,"ensemble",21.9448017551776,"fDOM_QSU_mean",1.6,"P1D","vera4cast"
2024-08-03,2024-07-28,"fdom_AR_dwh","fcre",5,"ensemble",23.4619486668908,"fDOM_QSU_mean",1.6,"P1D","vera4cast"
2024-08-04,2024-07-28,"fdom_AR_dwh","fcre",5,"ensemble",23.9443538079015,"fDOM_QSU_mean",1.6,"P1D","vera4cast"
2024-08-05,2024-07-28,"fdom_AR_dwh","fcre",5,"ensemble",25.194415490448,"fDOM_QSU_mean",1.6,"P1D","vera4cast"
2024-08-06,2024-07-28,"fdom_AR_dwh","fcre",5,"ensemble",26.8662462163176,"fDOM_QSU_mean",1.6,"P1D","vera4cast"
2024-08-07,2024-07-28,"fdom_AR_dwh","fcre",5,"ensemble",27.8632075673674,"fDOM_QSU_mean",1.6,"P1D","vera4cast"
2024-08-08,2024-07-28,"fdom_AR_dwh","fcre",5,"ensemble",28.9556992846556,"fDOM_QSU_mean",1.6,"P1D","vera4cast"
2024-08-09,2024-07-28,"fdom_AR_dwh","fcre",5,"ensemble",30.397914647436,"fDOM_QSU_mean",1.6,"P1D","vera4cast"
2024-08-10,2024-07-28,"fdom_AR_dwh","fcre",5,"ensemble",31.4539447109416,"fDOM_QSU_mean",1.6,"P1D","vera4cast"
2024-08-11,2024-07-28,"fdom_AR_dwh","fcre",5,"ensemble",31.5025255006264,"fDOM_QSU_mean",1.6,"P1D","vera4cast"
2024-08-12,2024-07-28,"fdom_AR_dwh","fcre",5,"ensemble",33.2437317782498,"fDOM_QSU_mean",1.6,"P1D","vera4cast"
2024-08-13,2024-07-28,"fdom_AR_dwh","fcre",5,"ensemble",35.5120523730876,"fDOM_QSU_mean",1.6,"P1D","vera4cast"
2024-07-28,2024-07-28,"fdom_AR_dwh","fcre",6,"ensemble",18.722251937495,"fDOM_QSU_mean",1.6,"P1D","vera4cast"
2024-07-29,2024-07-28,"fdom_AR_dwh","fcre",6,"ensemble",19.2309385674947,"fDOM_QSU_mean",1.6,"P1D","vera4cast"
2024-07-30,2024-07-28,"fdom_AR_dwh","fcre",6,"ensemble",17.5700403049615,"fDOM_QSU_mean",1.6,"P1D","vera4cast"
2024-07-31,2024-07-28,"fdom_AR_dwh","fcre",6,"ensemble",17.9585777626924,"fDOM_QSU_mean",1.6,"P1D","vera4cast"
2024-08-01,2024-07-28,"fdom_AR_dwh","fcre",6,"ensemble",19.1613019565505,"fDOM_QSU_mean",1.6,"P1D","vera4cast"
2024-08-02,2024-07-28,"fdom_AR_dwh","fcre",6,"ensemble",18.8394908733815,"fDOM_QSU_mean",1.6,"P1D","vera4cast"
2024-08-03,2024-07-28,"fdom_AR_dwh","fcre",6,"ensemble",18.732544460913,"fDOM_QSU_mean",1.6,"P1D","vera4cast"
2024-08-04,2024-07-28,"fdom_AR_dwh","fcre",6,"ensemble",19.5455693356629,"fDOM_QSU_mean",1.6,"P1D","vera4cast"
2024-08-05,2024-07-28,"fdom_AR_dwh","fcre",6,"ensemble",18.7975026157602,"fDOM_QSU_mean",1.6,"P1D","vera4cast"
2024-08-06,2024-07-28,"fdom_AR_dwh","fcre",6,"ensemble",19.1271374658545,"fDOM_QSU_mean",1.6,"P1D","vera4cast"
2024-08-07,2024-07-28,"fdom_AR_dwh","fcre",6,"ensemble",19.5115266135785,"fDOM_QSU_mean",1.6,"P1D","vera4cast"
2024-08-08,2024-07-28,"fdom_AR_dwh","fcre",6,"ensemble",21.2006565064441,"fDOM_QSU_mean",1.6,"P1D","vera4cast"
2024-08-09,2024-07-28,"fdom_AR_dwh","fcre",6,"ensemble",22.7730125910422,"fDOM_QSU_mean",1.6,"P1D","vera4cast"
2024-08-10,2024-07-28,"fdom_AR_dwh","fcre",6,"ensemble",22.3963557969514,"fDOM_QSU_mean",1.6,"P1D","vera4cast"
2024-08-11,2024-07-28,"fdom_AR_dwh","fcre",6,"ensemble",23.3445068561828,"fDOM_QSU_mean",1.6,"P1D","vera4cast"
2024-08-12,2024-07-28,"fdom_AR_dwh","fcre",6,"ensemble",24.3262733322745,"fDOM_QSU_mean",1.6,"P1D","vera4cast"
2024-08-13,2024-07-28,"fdom_AR_dwh","fcre",6,"ensemble",24.4387202189267,"fDOM_QSU_mean",1.6,"P1D","vera4cast"
2024-07-28,2024-07-28,"fdom_AR_dwh","fcre",7,"ensemble",18.6076218199229,"fDOM_QSU_mean",1.6,"P1D","vera4cast"
2024-07-29,2024-07-28,"fdom_AR_dwh","fcre",7,"ensemble",18.1283604550838,"fDOM_QSU_mean",1.6,"P1D","vera4cast"
2024-07-30,2024-07-28,"fdom_AR_dwh","fcre",7,"ensemble",20.7155469912154,"fDOM_QSU_mean",1.6,"P1D","vera4cast"
2024-07-31,2024-07-28,"fdom_AR_dwh","fcre",7,"ensemble",20.4721490900799,"fDOM_QSU_mean",1.6,"P1D","vera4cast"
2024-08-01,2024-07-28,"fdom_AR_dwh","fcre",7,"ensemble",21.3157217380899,"fDOM_QSU_mean",1.6,"P1D","vera4cast"
2024-08-02,2024-07-28,"fdom_AR_dwh","fcre",7,"ensemble",21.4792365236388,"fDOM_QSU_mean",1.6,"P1D","vera4cast"
2024-08-03,2024-07-28,"fdom_AR_dwh","fcre",7,"ensemble",23.9598350612411,"fDOM_QSU_mean",1.6,"P1D","vera4cast"
2024-08-04,2024-07-28,"fdom_AR_dwh","fcre",7,"ensemble",25.7044381863479,"fDOM_QSU_mean",1.6,"P1D","vera4cast"
2024-08-05,2024-07-28,"fdom_AR_dwh","fcre",7,"ensemble",27.7354539591451,"fDOM_QSU_mean",1.6,"P1D","vera4cast"
2024-08-06,2024-07-28,"fdom_AR_dwh","fcre",7,"ensemble",29.1000704382307,"fDOM_QSU_mean",1.6,"P1D","vera4cast"
2024-08-07,2024-07-28,"fdom_AR_dwh","fcre",7,"ensemble",28.8951834346205,"fDOM_QSU_mean",1.6,"P1D","vera4cast"
2024-08-08,2024-07-28,"fdom_AR_dwh","fcre",7,"ensemble",31.0767139760172,"fDOM_QSU_mean",1.6,"P1D","vera4cast"
2024-08-09,2024-07-28,"fdom_AR_dwh","fcre",7,"ensemble",30.1811700823398,"fDOM_QSU_mean",1.6,"P1D","vera4cast"
2024-08-10,2024-07-28,"fdom_AR_dwh","fcre",7,"ensemble",31.3790475921582,"fDOM_QSU_mean",1.6,"P1D","vera4cast"
2024-08-11,2024-07-28,"fdom_AR_dwh","fcre",7,"ensemble",29.3490791078983,"fDOM_QSU_mean",1.6,"P1D","vera4cast"
2024-08-12,2024-07-28,"fdom_AR_dwh","fcre",7,"ensemble",30.8404211169583,"fDOM_QSU_mean",1.6,"P1D","vera4cast"
2024-08-13,2024-07-28,"fdom_AR_dwh","fcre",7,"ensemble",30.7188290712036,"fDOM_QSU_mean",1.6,"P1D","vera4cast"
2024-07-28,2024-07-28,"fdom_AR_dwh","fcre",8,"ensemble",18.5970406017708,"fDOM_QSU_mean",1.6,"P1D","vera4cast"
2024-07-29,2024-07-28,"fdom_AR_dwh","fcre",8,"ensemble",18.04272463093,"fDOM_QSU_mean",1.6,"P1D","vera4cast"
2024-07-30,2024-07-28,"fdom_AR_dwh","fcre",8,"ensemble",17.0690731085677,"fDOM_QSU_mean",1.6,"P1D","vera4cast"
2024-07-31,2024-07-28,"fdom_AR_dwh","fcre",8,"ensemble",15.5468321074351,"fDOM_QSU_mean",1.6,"P1D","vera4cast"
2024-08-01,2024-07-28,"fdom_AR_dwh","fcre",8,"ensemble",15.4012466680887,"fDOM_QSU_mean",1.6,"P1D","vera4cast"
2024-08-02,2024-07-28,"fdom_AR_dwh","fcre",8,"ensemble",15.3653619274083,"fDOM_QSU_mean",1.6,"P1D","vera4cast"
2024-08-03,2024-07-28,"fdom_AR_dwh","fcre",8,"ensemble",15.9483667655031,"fDOM_QSU_mean",1.6,"P1D","vera4cast"
2024-08-04,2024-07-28,"fdom_AR_dwh","fcre",8,"ensemble",14.1815284842001,"fDOM_QSU_mean",1.6,"P1D","vera4cast"
2024-08-05,2024-07-28,"fdom_AR_dwh","fcre",8,"ensemble",12.9335129579399,"fDOM_QSU_mean",1.6,"P1D","vera4cast"
2024-08-06,2024-07-28,"fdom_AR_dwh","fcre",8,"ensemble",12.671149726242,"fDOM_QSU_mean",1.6,"P1D","vera4cast"
2024-08-07,2024-07-28,"fdom_AR_dwh","fcre",8,"ensemble",11.9094033557926,"fDOM_QSU_mean",1.6,"P1D","vera4cast"
2024-08-08,2024-07-28,"fdom_AR_dwh","fcre",8,"ensemble",11.2512454384586,"fDOM_QSU_mean",1.6,"P1D","vera4cast"
2024-08-09,2024-07-28,"fdom_AR_dwh","fcre",8,"ensemble",11.3038754038382,"fDOM_QSU_mean",1.6,"P1D","vera4cast"
2024-08-10,2024-07-28,"fdom_AR_dwh","fcre",8,"ensemble",11.9726051462048,"fDOM_QSU_mean",1.6,"P1D","vera4cast"
2024-08-11,2024-07-28,"fdom_AR_dwh","fcre",8,"ensemble",11.7772327938086,"fDOM_QSU_mean",1.6,"P1D","vera4cast"
2024-08-12,2024-07-28,"fdom_AR_dwh","fcre",8,"ensemble",12.1090600383016,"fDOM_QSU_mean",1.6,"P1D","vera4cast"
2024-08-13,2024-07-28,"fdom_AR_dwh","fcre",8,"ensemble",11.4803089882741,"fDOM_QSU_mean",1.6,"P1D","vera4cast"
2024-07-28,2024-07-28,"fdom_AR_dwh","fcre",9,"ensemble",18.8818951433286,"fDOM_QSU_mean",1.6,"P1D","vera4cast"
2024-07-29,2024-07-28,"fdom_AR_dwh","fcre",9,"ensemble",19.7078971762049,"fDOM_QSU_mean",1.6,"P1D","vera4cast"
2024-07-30,2024-07-28,"fdom_AR_dwh","fcre",9,"ensemble",20.2247986855543,"fDOM_QSU_mean",1.6,"P1D","vera4cast"
2024-07-31,2024-07-28,"fdom_AR_dwh","fcre",9,"ensemble",21.3212912091915,"fDOM_QSU_mean",1.6,"P1D","vera4cast"
2024-08-01,2024-07-28,"fdom_AR_dwh","fcre",9,"ensemble",22.6086929710204,"fDOM_QSU_mean",1.6,"P1D","vera4cast"
2024-08-02,2024-07-28,"fdom_AR_dwh","fcre",9,"ensemble",25.035400666837,"fDOM_QSU_mean",1.6,"P1D","vera4cast"
2024-08-03,2024-07-28,"fdom_AR_dwh","fcre",9,"ensemble",25.3313549312678,"fDOM_QSU_mean",1.6,"P1D","vera4cast"
2024-08-04,2024-07-28,"fdom_AR_dwh","fcre",9,"ensemble",26.161743132538,"fDOM_QSU_mean",1.6,"P1D","vera4cast"
2024-08-05,2024-07-28,"fdom_AR_dwh","fcre",9,"ensemble",27.8401088902361,"fDOM_QSU_mean",1.6,"P1D","vera4cast"
2024-08-06,2024-07-28,"fdom_AR_dwh","fcre",9,"ensemble",28.8150205517619,"fDOM_QSU_mean",1.6,"P1D","vera4cast"
2024-08-07,2024-07-28,"fdom_AR_dwh","fcre",9,"ensemble",29.6931442965023,"fDOM_QSU_mean",1.6,"P1D","vera4cast"
2024-08-08,2024-07-28,"fdom_AR_dwh","fcre",9,"ensemble",30.8094593787682,"fDOM_QSU_mean",1.6,"P1D","vera4cast"
2024-08-09,2024-07-28,"fdom_AR_dwh","fcre",9,"ensemble",31.9839675583159,"fDOM_QSU_mean",1.6,"P1D","vera4cast"
2024-08-10,2024-07-28,"fdom_AR_dwh","fcre",9,"ensemble",33.2895697210943,"fDOM_QSU_mean",1.6,"P1D","vera4cast"
2024-08-11,2024-07-28,"fdom_AR_dwh","fcre",9,"ensemble",33.8947998549197,"fDOM_QSU_mean",1.6,"P1D","vera4cast"
2024-08-12,2024-07-28,"fdom_AR_dwh","fcre",9,"ensemble",33.9165958974441,"fDOM_QSU_mean",1.6,"P1D","vera4cast"
2024-08-13,2024-07-28,"fdom_AR_dwh","fcre",9,"ensemble",34.7213275210822,"fDOM_QSU_mean",1.6,"P1D","vera4cast"
2024-07-28,2024-07-28,"fdom_AR_dwh","fcre",10,"ensemble",18.5894213043441,"fDOM_QSU_mean",1.6,"P1D","vera4cast"
2024-07-29,2024-07-28,"fdom_AR_dwh","fcre",10,"ensemble",19.208145761825,"fDOM_QSU_mean",1.6,"P1D","vera4cast"
2024-07-30,2024-07-28,"fdom_AR_dwh","fcre",10,"ensemble",20.0857381602937,"fDOM_QSU_mean",1.6,"P1D","vera4cast"
2024-07-31,2024-07-28,"fdom_AR_dwh","fcre",10,"ensemble",19.7154435735643,"fDOM_QSU_mean",1.6,"P1D","vera4cast"
2024-08-01,2024-07-28,"fdom_AR_dwh","fcre",10,"ensemble",18.3381708306929,"fDOM_QSU_mean",1.6,"P1D","vera4cast"
2024-08-02,2024-07-28,"fdom_AR_dwh","fcre",10,"ensemble",19.1987428163978,"fDOM_QSU_mean",1.6,"P1D","vera4cast"
2024-08-03,2024-07-28,"fdom_AR_dwh","fcre",10,"ensemble",19.3808130391994,"fDOM_QSU_mean",1.6,"P1D","vera4cast"
2024-08-04,2024-07-28,"fdom_AR_dwh","fcre",10,"ensemble",18.7589303618282,"fDOM_QSU_mean",1.6,"P1D","vera4cast"
2024-08-05,2024-07-28,"fdom_AR_dwh","fcre",10,"ensemble",19.1829923665638,"fDOM_QSU_mean",1.6,"P1D","vera4cast"
2024-08-06,2024-07-28,"fdom_AR_dwh","fcre",10,"ensemble",17.5932765577846,"fDOM_QSU_mean",1.6,"P1D","vera4cast"
2024-08-07,2024-07-28,"fdom_AR_dwh","fcre",10,"ensemble",19.0351144143135,"fDOM_QSU_mean",1.6,"P1D","vera4cast"
2024-08-08,2024-07-28,"fdom_AR_dwh","fcre",10,"ensemble",20.1790581061593,"fDOM_QSU_mean",1.6,"P1D","vera4cast"
2024-08-09,2024-07-28,"fdom_AR_dwh","fcre",10,"ensemble",19.4751052935725,"fDOM_QSU_mean",1.6,"P1D","vera4cast"
2024-08-10,2024-07-28,"fdom_AR_dwh","fcre",10,"ensemble",17.8610383310517,"fDOM_QSU_mean",1.6,"P1D","vera4cast"
2024-08-11,2024-07-28,"fdom_AR_dwh","fcre",10,"ensemble",18.2798220139103,"fDOM_QSU_mean",1.6,"P1D","vera4cast"
2024-08-12,2024-07-28,"fdom_AR_dwh","fcre",10,"ensemble",18.1393420709574,"fDOM_QSU_mean",1.6,"P1D","vera4cast"
2024-08-13,2024-07-28,"fdom_AR_dwh","fcre",10,"ensemble",17.3616471798952,"fDOM_QSU_mean",1.6,"P1D","vera4cast"
2024-07-28,2024-07-28,"fdom_AR_dwh","fcre",11,"ensemble",18.7103068932446,"fDOM_QSU_mean",1.6,"P1D","vera4cast"
2024-07-29,2024-07-28,"fdom_AR_dwh","fcre",11,"ensemble",19.8727369030353,"fDOM_QSU_mean",1.6,"P1D","vera4cast"
2024-07-30,2024-07-28,"fdom_AR_dwh","fcre",11,"ensemble",20.0696618261706,"fDOM_QSU_mean",1.6,"P1D","vera4cast"
2024-07-31,2024-07-28,"fdom_AR_dwh","fcre",11,"ensemble",21.6523228985821,"fDOM_QSU_mean",1.6,"P1D","vera4cast"
2024-08-01,2024-07-28,"fdom_AR_dwh","fcre",11,"ensemble",20.5969776334026,"fDOM_QSU_mean",1.6,"P1D","vera4cast"
2024-08-02,2024-07-28,"fdom_AR_dwh","fcre",11,"ensemble",23.8638722398067,"fDOM_QSU_mean",1.6,"P1D","vera4cast"
2024-08-03,2024-07-28,"fdom_AR_dwh","fcre",11,"ensemble",25.8490340765099,"fDOM_QSU_mean",1.6,"P1D","vera4cast"
2024-08-04,2024-07-28,"fdom_AR_dwh","fcre",11,"ensemble",26.1851951173326,"fDOM_QSU_mean",1.6,"P1D","vera4cast"
2024-08-05,2024-07-28,"fdom_AR_dwh","fcre",11,"ensemble",29.4587629403798,"fDOM_QSU_mean",1.6,"P1D","vera4cast"
2024-08-06,2024-07-28,"fdom_AR_dwh","fcre",11,"ensemble",30.1307341564707,"fDOM_QSU_mean",1.6,"P1D","vera4cast"
2024-08-07,2024-07-28,"fdom_AR_dwh","fcre",11,"ensemble",30.1002014106976,"fDOM_QSU_mean",1.6,"P1D","vera4cast"
2024-08-08,2024-07-28,"fdom_AR_dwh","fcre",11,"ensemble",30.739845441056,"fDOM_QSU_mean",1.6,"P1D","vera4cast"
2024-08-09,2024-07-28,"fdom_AR_dwh","fcre",11,"ensemble",31.4042187990467,"fDOM_QSU_mean",1.6,"P1D","vera4cast"
2024-08-10,2024-07-28,"fdom_AR_dwh","fcre",11,"ensemble",32.1133458578479,"fDOM_QSU_mean",1.6,"P1D","vera4cast"
2024-08-11,2024-07-28,"fdom_AR_dwh","fcre",11,"ensemble",30.5817628253945,"fDOM_QSU_mean",1.6,"P1D","vera4cast"
2024-08-12,2024-07-28,"fdom_AR_dwh","fcre",11,"ensemble",30.0957871706453,"fDOM_QSU_mean",1.6,"P1D","vera4cast"
2024-08-13,2024-07-28,"fdom_AR_dwh","fcre",11,"ensemble",29.8674051400253,"fDOM_QSU_mean",1.6,"P1D","vera4cast"
2024-07-28,2024-07-28,"fdom_AR_dwh","fcre",12,"ensemble",18.9564813851676,"fDOM_QSU_mean",1.6,"P1D","vera4cast"
2024-07-29,2024-07-28,"fdom_AR_dwh","fcre",12,"ensemble",21.00869222488,"fDOM_QSU_mean",1.6,"P1D","vera4cast"
2024-07-30,2024-07-28,"fdom_AR_dwh","fcre",12,"ensemble",22.6364659725822,"fDOM_QSU_mean",1.6,"P1D","vera4cast"
2024-07-31,2024-07-28,"fdom_AR_dwh","fcre",12,"ensemble",23.4198805470126,"fDOM_QSU_mean",1.6,"P1D","vera4cast"
2024-08-01,2024-07-28,"fdom_AR_dwh","fcre",12,"ensemble",24.0235545263718,"fDOM_QSU_mean",1.6,"P1D","vera4cast"
2024-08-02,2024-07-28,"fdom_AR_dwh","fcre",12,"ensemble",25.353730015186,"fDOM_QSU_mean",1.6,"P1D","vera4cast"
2024-08-03,2024-07-28,"fdom_AR_dwh","fcre",12,"ensemble",25.4460488146421,"fDOM_QSU_mean",1.6,"P1D","vera4cast"
2024-08-04,2024-07-28,"fdom_AR_dwh","fcre",12,"ensemble",27.0446003596942,"fDOM_QSU_mean",1.6,"P1D","vera4cast"
2024-08-05,2024-07-28,"fdom_AR_dwh","fcre",12,"ensemble",25.7608372594628,"fDOM_QSU_mean",1.6,"P1D","vera4cast"
2024-08-06,2024-07-28,"fdom_AR_dwh","fcre",12,"ensemble",25.8334074947249,"fDOM_QSU_mean",1.6,"P1D","vera4cast"
2024-08-07,2024-07-28,"fdom_AR_dwh","fcre",12,"ensemble",26.1977967401739,"fDOM_QSU_mean",1.6,"P1D","vera4cast"
2024-08-08,2024-07-28,"fdom_AR_dwh","fcre",12,"ensemble",27.166904646702,"fDOM_QSU_mean",1.6,"P1D","vera4cast"
2024-08-09,2024-07-28,"fdom_AR_dwh","fcre",12,"ensemble",27.930925706453,"fDOM_QSU_mean",1.6,"P1D","vera4cast"
2024-08-10,2024-07-28,"fdom_AR_dwh","fcre",12,"ensemble",27.1407109186944,"fDOM_QSU_mean",1.6,"P1D","vera4cast"
2024-08-11,2024-07-28,"fdom_AR_dwh","fcre",12,"ensemble",26.3883196624131,"fDOM_QSU_mean",1.6,"P1D","vera4cast"
2024-08-12,2024-07-28,"fdom_AR_dwh","fcre",12,"ensemble",25.3925680617049,"fDOM_QSU_mean",1.6,"P1D","vera4cast"
2024-08-13,2024-07-28,"fdom_AR_dwh","fcre",12,"ensemble",25.6029409440053,"fDOM_QSU_mean",1.6,"P1D","vera4cast"
2024-07-28,2024-07-28,"fdom_AR_dwh","fcre",13,"ensemble",18.7171344837293,"fDOM_QSU_mean",1.6,"P1D","vera4cast"
2024-07-29,2024-07-28,"fdom_AR_dwh","fcre",13,"ensemble",19.1309295265804,"fDOM_QSU_mean",1.6,"P1D","vera4cast"
2024-07-30,2024-07-28,"fdom_AR_dwh","fcre",13,"ensemble",20.4565782935472,"fDOM_QSU_mean",1.6,"P1D","vera4cast"
2024-07-31,2024-07-28,"fdom_AR_dwh","fcre",13,"ensemble",21.0128402975353,"fDOM_QSU_mean",1.6,"P1D","vera4cast"
2024-08-01,2024-07-28,"fdom_AR_dwh","fcre",13,"ensemble",21.3274418917538,"fDOM_QSU_mean",1.6,"P1D","vera4cast"
2024-08-02,2024-07-28,"fdom_AR_dwh","fcre",13,"ensemble",21.466067306511,"fDOM_QSU_mean",1.6,"P1D","vera4cast"
2024-08-03,2024-07-28,"fdom_AR_dwh","fcre",13,"ensemble",20.5098140370897,"fDOM_QSU_mean",1.6,"P1D","vera4cast"
2024-08-04,2024-07-28,"fdom_AR_dwh","fcre",13,"ensemble",21.9306105680091,"fDOM_QSU_mean",1.6,"P1D","vera4cast"
2024-08-05,2024-07-28,"fdom_AR_dwh","fcre",13,"ensemble",21.8374662548618,"fDOM_QSU_mean",1.6,"P1D","vera4cast"
2024-08-06,2024-07-28,"fdom_AR_dwh","fcre",13,"ensemble",23.1004796027205,"fDOM_QSU_mean",1.6,"P1D","vera4cast"
2024-08-07,2024-07-28,"fdom_AR_dwh","fcre",13,"ensemble",21.763151532857,"fDOM_QSU_mean",1.6,"P1D","vera4cast"
2024-08-08,2024-07-28,"fdom_AR_dwh","fcre",13,"ensemble",22.5327320132145,"fDOM_QSU_mean",1.6,"P1D","vera4cast"
2024-08-09,2024-07-28,"fdom_AR_dwh","fcre",13,"ensemble",22.6837082889181,"fDOM_QSU_mean",1.6,"P1D","vera4cast"
2024-08-10,2024-07-28,"fdom_AR_dwh","fcre",13,"ensemble",23.6893465539942,"fDOM_QSU_mean",1.6,"P1D","vera4cast"
2024-08-11,2024-07-28,"fdom_AR_dwh","fcre",13,"ensemble",23.1913693629874,"fDOM_QSU_mean",1.6,"P1D","vera4cast"
2024-08-12,2024-07-28,"fdom_AR_dwh","fcre",13,"ensemble",23.524980127218,"fDOM_QSU_mean",1.6,"P1D","vera4cast"
2024-08-13,2024-07-28,"fdom_AR_dwh","fcre",13,"ensemble",22.7016691127447,"fDOM_QSU_mean",1.6,"P1D","vera4cast"
2024-07-28,2024-07-28,"fdom_AR_dwh","fcre",14,"ensemble",18.4027873167112,"fDOM_QSU_mean",1.6,"P1D","vera4cast"
2024-07-29,2024-07-28,"fdom_AR_dwh","fcre",14,"ensemble",19.8327759128394,"fDOM_QSU_mean",1.6,"P1D","vera4cast"
2024-07-30,2024-07-28,"fdom_AR_dwh","fcre",14,"ensemble",20.2756184142745,"fDOM_QSU_mean",1.6,"P1D","vera4cast"
2024-07-31,2024-07-28,"fdom_AR_dwh","fcre",14,"ensemble",21.0168289530764,"fDOM_QSU_mean",1.6,"P1D","vera4cast"
2024-08-01,2024-07-28,"fdom_AR_dwh","fcre",14,"ensemble",19.3812337753451,"fDOM_QSU_mean",1.6,"P1D","vera4cast"
2024-08-02,2024-07-28,"fdom_AR_dwh","fcre",14,"ensemble",21.1167255255988,"fDOM_QSU_mean",1.6,"P1D","vera4cast"
2024-08-03,2024-07-28,"fdom_AR_dwh","fcre",14,"ensemble",21.9410616481741,"fDOM_QSU_mean",1.6,"P1D","vera4cast"
2024-08-04,2024-07-28,"fdom_AR_dwh","fcre",14,"ensemble",21.840486829354,"fDOM_QSU_mean",1.6,"P1D","vera4cast"
2024-08-05,2024-07-28,"fdom_AR_dwh","fcre",14,"ensemble",22.0406420888969,"fDOM_QSU_mean",1.6,"P1D","vera4cast"
2024-08-06,2024-07-28,"fdom_AR_dwh","fcre",14,"ensemble",21.9115956133631,"fDOM_QSU_mean",1.6,"P1D","vera4cast"
2024-08-07,2024-07-28,"fdom_AR_dwh","fcre",14,"ensemble",20.2113526942164,"fDOM_QSU_mean",1.6,"P1D","vera4cast"
2024-08-08,2024-07-28,"fdom_AR_dwh","fcre",14,"ensemble",19.5291867502259,"fDOM_QSU_mean",1.6,"P1D","vera4cast"
2024-08-09,2024-07-28,"fdom_AR_dwh","fcre",14,"ensemble",21.5932757950529,"fDOM_QSU_mean",1.6,"P1D","vera4cast"
2024-08-10,2024-07-28,"fdom_AR_dwh","fcre",14,"ensemble",22.2862895664558,"fDOM_QSU_mean",1.6,"P1D","vera4cast"
2024-08-11,2024-07-28,"fdom_AR_dwh","fcre",14,"ensemble",21.744614477733,"fDOM_QSU_mean",1.6,"P1D","vera4cast"
2024-08-12,2024-07-28,"fdom_AR_dwh","fcre",14,"ensemble",20.4476473694951,"fDOM_QSU_mean",1.6,"P1D","vera4cast"
2024-08-13,2024-07-28,"fdom_AR_dwh","fcre",14,"ensemble",21.4957023379679,"fDOM_QSU_mean",1.6,"P1D","vera4cast"
2024-07-28,2024-07-28,"fdom_AR_dwh","fcre",15,"ensemble",18.7124788473761,"fDOM_QSU_mean",1.6,"P1D","vera4cast"
2024-07-29,2024-07-28,"fdom_AR_dwh","fcre",15,"ensemble",17.8732302317557,"fDOM_QSU_mean",1.6,"P1D","vera4cast"
2024-07-30,2024-07-28,"fdom_AR_dwh","fcre",15,"ensemble",17.5725545638137,"fDOM_QSU_mean",1.6,"P1D","vera4cast"
2024-07-31,2024-07-28,"fdom_AR_dwh","fcre",15,"ensemble",17.7855516403852,"fDOM_QSU_mean",1.6,"P1D","vera4cast"
2024-08-01,2024-07-28,"fdom_AR_dwh","fcre",15,"ensemble",16.6599695754779,"fDOM_QSU_mean",1.6,"P1D","vera4cast"
2024-08-02,2024-07-28,"fdom_AR_dwh","fcre",15,"ensemble",15.469938819381,"fDOM_QSU_mean",1.6,"P1D","vera4cast"
2024-08-03,2024-07-28,"fdom_AR_dwh","fcre",15,"ensemble",15.3164160130619,"fDOM_QSU_mean",1.6,"P1D","vera4cast"
2024-08-04,2024-07-28,"fdom_AR_dwh","fcre",15,"ensemble",16.7012120601213,"fDOM_QSU_mean",1.6,"P1D","vera4cast"
2024-08-05,2024-07-28,"fdom_AR_dwh","fcre",15,"ensemble",15.832667602614,"fDOM_QSU_mean",1.6,"P1D","vera4cast"
2024-08-06,2024-07-28,"fdom_AR_dwh","fcre",15,"ensemble",15.3348199034329,"fDOM_QSU_mean",1.6,"P1D","vera4cast"
2024-08-07,2024-07-28,"fdom_AR_dwh","fcre",15,"ensemble",15.054947779113,"fDOM_QSU_mean",1.6,"P1D","vera4cast"
2024-08-08,2024-07-28,"fdom_AR_dwh","fcre",15,"ensemble",15.8706273186804,"fDOM_QSU_mean",1.6,"P1D","vera4cast"
2024-08-09,2024-07-28,"fdom_AR_dwh","fcre",15,"ensemble",15.9408327696926,"fDOM_QSU_mean",1.6,"P1D","vera4cast"
2024-08-10,2024-07-28,"fdom_AR_dwh","fcre",15,"ensemble",16.3275048923173,"fDOM_QSU_mean",1.6,"P1D","vera4cast"
2024-08-11,2024-07-28,"fdom_AR_dwh","fcre",15,"ensemble",15.8829731431697,"fDOM_QSU_mean",1.6,"P1D","vera4cast"
2024-08-12,2024-07-28,"fdom_AR_dwh","fcre",15,"ensemble",14.9903356879395,"fDOM_QSU_mean",1.6,"P1D","vera4cast"
2024-08-13,2024-07-28,"fdom_AR_dwh","fcre",15,"ensemble",13.8161870604375,"fDOM_QSU_mean",1.6,"P1D","vera4cast"
2024-07-28,2024-07-28,"fdom_AR_dwh","fcre",16,"ensemble",18.70876397111,"fDOM_QSU_mean",1.6,"P1D","vera4cast"
2024-07-29,2024-07-28,"fdom_AR_dwh","fcre",16,"ensemble",18.8430084142733,"fDOM_QSU_mean",1.6,"P1D","vera4cast"
2024-07-30,2024-07-28,"fdom_AR_dwh","fcre",16,"ensemble",18.3203420998938,"fDOM_QSU_mean",1.6,"P1D","vera4cast"
2024-07-31,2024-07-28,"fdom_AR_dwh","fcre",16,"ensemble",18.7123440828797,"fDOM_QSU_mean",1.6,"P1D","vera4cast"
2024-08-01,2024-07-28,"fdom_AR_dwh","fcre",16,"ensemble",21.5144328078566,"fDOM_QSU_mean",1.6,"P1D","vera4cast"
2024-08-02,2024-07-28,"fdom_AR_dwh","fcre",16,"ensemble",20.6664726325475,"fDOM_QSU_mean",1.6,"P1D","vera4cast"
2024-08-03,2024-07-28,"fdom_AR_dwh","fcre",16,"ensemble",21.2562743309624,"fDOM_QSU_mean",1.6,"P1D","vera4cast"
2024-08-04,2024-07-28,"fdom_AR_dwh","fcre",16,"ensemble",22.3720276449796,"fDOM_QSU_mean",1.6,"P1D","vera4cast"
2024-08-05,2024-07-28,"fdom_AR_dwh","fcre",16,"ensemble",22.0322257673505,"fDOM_QSU_mean",1.6,"P1D","vera4cast"
2024-08-06,2024-07-28,"fdom_AR_dwh","fcre",16,"ensemble",21.6274419835435,"fDOM_QSU_mean",1.6,"P1D","vera4cast"
2024-08-07,2024-07-28,"fdom_AR_dwh","fcre",16,"ensemble",19.6163450894868,"fDOM_QSU_mean",1.6,"P1D","vera4cast"
2024-08-08,2024-07-28,"fdom_AR_dwh","fcre",16,"ensemble",19.5798228866481,"fDOM_QSU_mean",1.6,"P1D","vera4cast"
2024-08-09,2024-07-28,"fdom_AR_dwh","fcre",16,"ensemble",18.5535904695215,"fDOM_QSU_mean",1.6,"P1D","vera4cast"
2024-08-10,2024-07-28,"fdom_AR_dwh","fcre",16,"ensemble",18.4314712603325,"fDOM_QSU_mean",1.6,"P1D","vera4cast"
2024-08-11,2024-07-28,"fdom_AR_dwh","fcre",16,"ensemble",17.135880377075,"fDOM_QSU_mean",1.6,"P1D","vera4cast"
2024-08-12,2024-07-28,"fdom_AR_dwh","fcre",16,"ensemble",15.9098735574633,"fDOM_QSU_mean",1.6,"P1D","vera4cast"
2024-08-13,2024-07-28,"fdom_AR_dwh","fcre",16,"ensemble",16.6767329147951,"fDOM_QSU_mean",1.6,"P1D","vera4cast"
2024-07-28,2024-07-28,"fdom_AR_dwh","fcre",17,"ensemble",18.6124039156808,"fDOM_QSU_mean",1.6,"P1D","vera4cast"
2024-07-29,2024-07-28,"fdom_AR_dwh","fcre",17,"ensemble",19.3792489657508,"fDOM_QSU_mean",1.6,"P1D","vera4cast"
2024-07-30,2024-07-28,"fdom_AR_dwh","fcre",17,"ensemble",20.1927943331147,"fDOM_QSU_mean",1.6,"P1D","vera4cast"
2024-07-31,2024-07-28,"fdom_AR_dwh","fcre",17,"ensemble",20.3545883319962,"fDOM_QSU_mean",1.6,"P1D","vera4cast"
2024-08-01,2024-07-28,"fdom_AR_dwh","fcre",17,"ensemble",19.7155761042365,"fDOM_QSU_mean",1.6,"P1D","vera4cast"
2024-08-02,2024-07-28,"fdom_AR_dwh","fcre",17,"ensemble",20.0196809111887,"fDOM_QSU_mean",1.6,"P1D","vera4cast"
2024-08-03,2024-07-28,"fdom_AR_dwh","fcre",17,"ensemble",21.4038358785624,"fDOM_QSU_mean",1.6,"P1D","vera4cast"
2024-08-04,2024-07-28,"fdom_AR_dwh","fcre",17,"ensemble",22.7433520919674,"fDOM_QSU_mean",1.6,"P1D","vera4cast"
2024-08-05,2024-07-28,"fdom_AR_dwh","fcre",17,"ensemble",25.2592679682483,"fDOM_QSU_mean",1.6,"P1D","vera4cast"
2024-08-06,2024-07-28,"fdom_AR_dwh","fcre",17,"ensemble",24.6197283778202,"fDOM_QSU_mean",1.6,"P1D","vera4cast"
2024-08-07,2024-07-28,"fdom_AR_dwh","fcre",17,"ensemble",25.0015280844725,"fDOM_QSU_mean",1.6,"P1D","vera4cast"
2024-08-08,2024-07-28,"fdom_AR_dwh","fcre",17,"ensemble",26.7723738484458,"fDOM_QSU_mean",1.6,"P1D","vera4cast"
2024-08-09,2024-07-28,"fdom_AR_dwh","fcre",17,"ensemble",27.6687533175089,"fDOM_QSU_mean",1.6,"P1D","vera4cast"
2024-08-10,2024-07-28,"fdom_AR_dwh","fcre",17,"ensemble",28.9694434730336,"fDOM_QSU_mean",1.6,"P1D","vera4cast"
2024-08-11,2024-07-28,"fdom_AR_dwh","fcre",17,"ensemble",28.3220413002358,"fDOM_QSU_mean",1.6,"P1D","vera4cast"
2024-08-12,2024-07-28,"fdom_AR_dwh","fcre",17,"ensemble",28.7008048092524,"fDOM_QSU_mean",1.6,"P1D","vera4cast"
2024-08-13,2024-07-28,"fdom_AR_dwh","fcre",17,"ensemble",29.2673982500661,"fDOM_QSU_mean",1.6,"P1D","vera4cast"
2024-07-28,2024-07-28,"fdom_AR_dwh","fcre",18,"ensemble",18.6303243902468,"fDOM_QSU_mean",1.6,"P1D","vera4cast"
2024-07-29,2024-07-28,"fdom_AR_dwh","fcre",18,"ensemble",19.4128443845172,"fDOM_QSU_mean",1.6,"P1D","vera4cast"
2024-07-30,2024-07-28,"fdom_AR_dwh","fcre",18,"ensemble",17.5954521336113,"fDOM_QSU_mean",1.6,"P1D","vera4cast"
2024-07-31,2024-07-28,"fdom_AR_dwh","fcre",18,"ensemble",18.340506510286,"fDOM_QSU_mean",1.6,"P1D","vera4cast"
2024-08-01,2024-07-28,"fdom_AR_dwh","fcre",18,"ensemble",18.0406794427947,"fDOM_QSU_mean",1.6,"P1D","vera4cast"
2024-08-02,2024-07-28,"fdom_AR_dwh","fcre",18,"ensemble",17.892972614523,"fDOM_QSU_mean",1.6,"P1D","vera4cast"
2024-08-03,2024-07-28,"fdom_AR_dwh","fcre",18,"ensemble",18.2493938927554,"fDOM_QSU_mean",1.6,"P1D","vera4cast"
2024-08-04,2024-07-28,"fdom_AR_dwh","fcre",18,"ensemble",18.0712302578495,"fDOM_QSU_mean",1.6,"P1D","vera4cast"
2024-08-05,2024-07-28,"fdom_AR_dwh","fcre",18,"ensemble",18.2154492763397,"fDOM_QSU_mean",1.6,"P1D","vera4cast"
2024-08-06,2024-07-28,"fdom_AR_dwh","fcre",18,"ensemble",18.8315098845,"fDOM_QSU_mean",1.6,"P1D","vera4cast"
2024-08-07,2024-07-28,"fdom_AR_dwh","fcre",18,"ensemble",19.4662946072337,"fDOM_QSU_mean",1.6,"P1D","vera4cast"
2024-08-08,2024-07-28,"fdom_AR_dwh","fcre",18,"ensemble",17.8007701972046,"fDOM_QSU_mean",1.6,"P1D","vera4cast"
2024-08-09,2024-07-28,"fdom_AR_dwh","fcre",18,"ensemble",18.1129893636436,"fDOM_QSU_mean",1.6,"P1D","vera4cast"
2024-08-10,2024-07-28,"fdom_AR_dwh","fcre",18,"ensemble",17.6805248078666,"fDOM_QSU_mean",1.6,"P1D","vera4cast"
2024-08-11,2024-07-28,"fdom_AR_dwh","fcre",18,"ensemble",18.4059437811901,"fDOM_QSU_mean",1.6,"P1D","vera4cast"
2024-08-12,2024-07-28,"fdom_AR_dwh","fcre",18,"ensemble",17.4108820939954,"fDOM_QSU_mean",1.6,"P1D","vera4cast"
2024-08-13,2024-07-28,"fdom_AR_dwh","fcre",18,"ensemble",18.8090635714893,"fDOM_QSU_mean",1.6,"P1D","vera4cast"
2024-07-28,2024-07-28,"fdom_AR_dwh","fcre",19,"ensemble",18.4971310399736,"fDOM_QSU_mean",1.6,"P1D","vera4cast"
2024-07-29,2024-07-28,"fdom_AR_dwh","fcre",19,"ensemble",19.4946074301027,"fDOM_QSU_mean",1.6,"P1D","vera4cast"
2024-07-30,2024-07-28,"fdom_AR_dwh","fcre",19,"ensemble",20.591570588328,"fDOM_QSU_mean",1.6,"P1D","vera4cast"
2024-07-31,2024-07-28,"fdom_AR_dwh","fcre",19,"ensemble",21.4491981135932,"fDOM_QSU_mean",1.6,"P1D","vera4cast"
2024-08-01,2024-07-28,"fdom_AR_dwh","fcre",19,"ensemble",22.9750717038671,"fDOM_QSU_mean",1.6,"P1D","vera4cast"
2024-08-02,2024-07-28,"fdom_AR_dwh","fcre",19,"ensemble",25.0744730479185,"fDOM_QSU_mean",1.6,"P1D","vera4cast"
2024-08-03,2024-07-28,"fdom_AR_dwh","fcre",19,"ensemble",25.6798822236905,"fDOM_QSU_mean",1.6,"P1D","vera4cast"
2024-08-04,2024-07-28,"fdom_AR_dwh","fcre",19,"ensemble",26.9561525885816,"fDOM_QSU_mean",1.6,"P1D","vera4cast"
2024-08-05,2024-07-28,"fdom_AR_dwh","fcre",19,"ensemble",29.8464336445477,"fDOM_QSU_mean",1.6,"P1D","vera4cast"
2024-08-06,2024-07-28,"fdom_AR_dwh","fcre",19,"ensemble",29.4617063302609,"fDOM_QSU_mean",1.6,"P1D","vera4cast"
2024-08-07,2024-07-28,"fdom_AR_dwh","fcre",19,"ensemble",29.2567263157194,"fDOM_QSU_mean",1.6,"P1D","vera4cast"
2024-08-08,2024-07-28,"fdom_AR_dwh","fcre",19,"ensemble",30.725558084578,"fDOM_QSU_mean",1.6,"P1D","vera4cast"
2024-08-09,2024-07-28,"fdom_AR_dwh","fcre",19,"ensemble",30.1993182109626,"fDOM_QSU_mean",1.6,"P1D","vera4cast"
2024-08-10,2024-07-28,"fdom_AR_dwh","fcre",19,"ensemble",30.9885008447679,"fDOM_QSU_mean",1.6,"P1D","vera4cast"
2024-08-11,2024-07-28,"fdom_AR_dwh","fcre",19,"ensemble",32.1439859167403,"fDOM_QSU_mean",1.6,"P1D","vera4cast"
2024-08-12,2024-07-28,"fdom_AR_dwh","fcre",19,"ensemble",33.4108234256528,"fDOM_QSU_mean",1.6,"P1D","vera4cast"
2024-08-13,2024-07-28,"fdom_AR_dwh","fcre",19,"ensemble",35.0644190696254,"fDOM_QSU_mean",1.6,"P1D","vera4cast"
2024-07-28,2024-07-28,"fdom_AR_dwh","fcre",20,"ensemble",18.6541257864133,"fDOM_QSU_mean",1.6,"P1D","vera4cast"
2024-07-29,2024-07-28,"fdom_AR_dwh","fcre",20,"ensemble",21.1900925680816,"fDOM_QSU_mean",1.6,"P1D","vera4cast"
2024-07-30,2024-07-28,"fdom_AR_dwh","fcre",20,"ensemble",24.4972688702093,"fDOM_QSU_mean",1.6,"P1D","vera4cast"
2024-07-31,2024-07-28,"fdom_AR_dwh","fcre",20,"ensemble",27.056240074102,"fDOM_QSU_mean",1.6,"P1D","vera4cast"
2024-08-01,2024-07-28,"fdom_AR_dwh","fcre",20,"ensemble",28.8950851429348,"fDOM_QSU_mean",1.6,"P1D","vera4cast"
2024-08-02,2024-07-28,"fdom_AR_dwh","fcre",20,"ensemble",30.3662289028048,"fDOM_QSU_mean",1.6,"P1D","vera4cast"
2024-08-03,2024-07-28,"fdom_AR_dwh","fcre",20,"ensemble",30.3285381431189,"fDOM_QSU_mean",1.6,"P1D","vera4cast"
2024-08-04,2024-07-28,"fdom_AR_dwh","fcre",20,"ensemble",30.0417030340832,"fDOM_QSU_mean",1.6,"P1D","vera4cast"
2024-08-05,2024-07-28,"fdom_AR_dwh","fcre",20,"ensemble",31.1191116574968,"fDOM_QSU_mean",1.6,"P1D","vera4cast"
2024-08-06,2024-07-28,"fdom_AR_dwh","fcre",20,"ensemble",32.9396563121442,"fDOM_QSU_mean",1.6,"P1D","vera4cast"
2024-08-07,2024-07-28,"fdom_AR_dwh","fcre",20,"ensemble",34.0715260174423,"fDOM_QSU_mean",1.6,"P1D","vera4cast"
2024-08-08,2024-07-28,"fdom_AR_dwh","fcre",20,"ensemble",35.9832815241734,"fDOM_QSU_mean",1.6,"P1D","vera4cast"
2024-08-09,2024-07-28,"fdom_AR_dwh","fcre",20,"ensemble",37.7341458589555,"fDOM_QSU_mean",1.6,"P1D","vera4cast"
2024-08-10,2024-07-28,"fdom_AR_dwh","fcre",20,"ensemble",38.7527022765265,"fDOM_QSU_mean",1.6,"P1D","vera4cast"
2024-08-11,2024-07-28,"fdom_AR_dwh","fcre",20,"ensemble",40.1169431920621,"fDOM_QSU_mean",1.6,"P1D","vera4cast"
2024-08-12,2024-07-28,"fdom_AR_dwh","fcre",20,"ensemble",40.0540401696885,"fDOM_QSU_mean",1.6,"P1D","vera4cast"
2024-08-13,2024-07-28,"fdom_AR_dwh","fcre",20,"ensemble",41.3693144812647,"fDOM_QSU_mean",1.6,"P1D","vera4cast"
2024-07-28,2024-07-28,"fdom_AR_dwh","fcre",21,"ensemble",18.6058256916021,"fDOM_QSU_mean",1.6,"P1D","vera4cast"
2024-07-29,2024-07-28,"fdom_AR_dwh","fcre",21,"ensemble",19.1662757343913,"fDOM_QSU_mean",1.6,"P1D","vera4cast"
2024-07-30,2024-07-28,"fdom_AR_dwh","fcre",21,"ensemble",19.9388204552276,"fDOM_QSU_mean",1.6,"P1D","vera4cast"
2024-07-31,2024-07-28,"fdom_AR_dwh","fcre",21,"ensemble",22.1795065460128,"fDOM_QSU_mean",1.6,"P1D","vera4cast"
2024-08-01,2024-07-28,"fdom_AR_dwh","fcre",21,"ensemble",22.4996823911572,"fDOM_QSU_mean",1.6,"P1D","vera4cast"
2024-08-02,2024-07-28,"fdom_AR_dwh","fcre",21,"ensemble",24.8543841684382,"fDOM_QSU_mean",1.6,"P1D","vera4cast"
2024-08-03,2024-07-28,"fdom_AR_dwh","fcre",21,"ensemble",24.4177247750479,"fDOM_QSU_mean",1.6,"P1D","vera4cast"
2024-08-04,2024-07-28,"fdom_AR_dwh","fcre",21,"ensemble",25.4932306331953,"fDOM_QSU_mean",1.6,"P1D","vera4cast"
2024-08-05,2024-07-28,"fdom_AR_dwh","fcre",21,"ensemble",26.5555973857693,"fDOM_QSU_mean",1.6,"P1D","vera4cast"
2024-08-06,2024-07-28,"fdom_AR_dwh","fcre",21,"ensemble",26.3480325159819,"fDOM_QSU_mean",1.6,"P1D","vera4cast"
2024-08-07,2024-07-28,"fdom_AR_dwh","fcre",21,"ensemble",26.7449550940396,"fDOM_QSU_mean",1.6,"P1D","vera4cast"
2024-08-08,2024-07-28,"fdom_AR_dwh","fcre",21,"ensemble",26.2383664278617,"fDOM_QSU_mean",1.6,"P1D","vera4cast"
2024-08-09,2024-07-28,"fdom_AR_dwh","fcre",21,"ensemble",26.0173512546186,"fDOM_QSU_mean",1.6,"P1D","vera4cast"
2024-08-10,2024-07-28,"fdom_AR_dwh","fcre",21,"ensemble",27.384765562722,"fDOM_QSU_mean",1.6,"P1D","vera4cast"
2024-08-11,2024-07-28,"fdom_AR_dwh","fcre",21,"ensemble",26.689574811367,"fDOM_QSU_mean",1.6,"P1D","vera4cast"
2024-08-12,2024-07-28,"fdom_AR_dwh","fcre",21,"ensemble",26.6750055871366,"fDOM_QSU_mean",1.6,"P1D","vera4cast"
2024-08-13,2024-07-28,"fdom_AR_dwh","fcre",21,"ensemble",28.1984293520138,"fDOM_QSU_mean",1.6,"P1D","vera4cast"
2024-07-28,2024-07-28,"fdom_AR_dwh","fcre",22,"ensemble",18.8040821477253,"fDOM_QSU_mean",1.6,"P1D","vera4cast"
2024-07-29,2024-07-28,"fdom_AR_dwh","fcre",22,"ensemble",18.9613068095586,"fDOM_QSU_mean",1.6,"P1D","vera4cast"
2024-07-30,2024-07-28,"fdom_AR_dwh","fcre",22,"ensemble",21.1666162541893,"fDOM_QSU_mean",1.6,"P1D","vera4cast"
2024-07-31,2024-07-28,"fdom_AR_dwh","fcre",22,"ensemble",22.7153253962004,"fDOM_QSU_mean",1.6,"P1D","vera4cast"
2024-08-01,2024-07-28,"fdom_AR_dwh","fcre",22,"ensemble",25.3902331831151,"fDOM_QSU_mean",1.6,"P1D","vera4cast"
2024-08-02,2024-07-28,"fdom_AR_dwh","fcre",22,"ensemble",25.2605557722397,"fDOM_QSU_mean",1.6,"P1D","vera4cast"
2024-08-03,2024-07-28,"fdom_AR_dwh","fcre",22,"ensemble",25.7423724309877,"fDOM_QSU_mean",1.6,"P1D","vera4cast"
2024-08-04,2024-07-28,"fdom_AR_dwh","fcre",22,"ensemble",28.3067639246113,"fDOM_QSU_mean",1.6,"P1D","vera4cast"
2024-08-05,2024-07-28,"fdom_AR_dwh","fcre",22,"ensemble",31.8816840679141,"fDOM_QSU_mean",1.6,"P1D","vera4cast"
2024-08-06,2024-07-28,"fdom_AR_dwh","fcre",22,"ensemble",30.9187229656202,"fDOM_QSU_mean",1.6,"P1D","vera4cast"
2024-08-07,2024-07-28,"fdom_AR_dwh","fcre",22,"ensemble",30.6672399294675,"fDOM_QSU_mean",1.6,"P1D","vera4cast"
2024-08-08,2024-07-28,"fdom_AR_dwh","fcre",22,"ensemble",30.8348567416516,"fDOM_QSU_mean",1.6,"P1D","vera4cast"
2024-08-09,2024-07-28,"fdom_AR_dwh","fcre",22,"ensemble",32.3761250072969,"fDOM_QSU_mean",1.6,"P1D","vera4cast"
2024-08-10,2024-07-28,"fdom_AR_dwh","fcre",22,"ensemble",34.0388154217341,"fDOM_QSU_mean",1.6,"P1D","vera4cast"
2024-08-11,2024-07-28,"fdom_AR_dwh","fcre",22,"ensemble",35.6019478043125,"fDOM_QSU_mean",1.6,"P1D","vera4cast"
2024-08-12,2024-07-28,"fdom_AR_dwh","fcre",22,"ensemble",36.1607875889108,"fDOM_QSU_mean",1.6,"P1D","vera4cast"
2024-08-13,2024-07-28,"fdom_AR_dwh","fcre",22,"ensemble",35.8759672294722,"fDOM_QSU_mean",1.6,"P1D","vera4cast"
2024-07-28,2024-07-28,"fdom_AR_dwh","fcre",23,"ensemble",18.541259947446,"fDOM_QSU_mean",1.6,"P1D","vera4cast"
2024-07-29,2024-07-28,"fdom_AR_dwh","fcre",23,"ensemble",18.1991443021305,"fDOM_QSU_mean",1.6,"P1D","vera4cast"
2024-07-30,2024-07-28,"fdom_AR_dwh","fcre",23,"ensemble",19.9153033830823,"fDOM_QSU_mean",1.6,"P1D","vera4cast"
2024-07-31,2024-07-28,"fdom_AR_dwh","fcre",23,"ensemble",21.8181302390953,"fDOM_QSU_mean",1.6,"P1D","vera4cast"
2024-08-01,2024-07-28,"fdom_AR_dwh","fcre",23,"ensemble",23.486746440653,"fDOM_QSU_mean",1.6,"P1D","vera4cast"
2024-08-02,2024-07-28,"fdom_AR_dwh","fcre",23,"ensemble",24.8902458879284,"fDOM_QSU_mean",1.6,"P1D","vera4cast"
2024-08-03,2024-07-28,"fdom_AR_dwh","fcre",23,"ensemble",28.7888653640335,"fDOM_QSU_mean",1.6,"P1D","vera4cast"
2024-08-04,2024-07-28,"fdom_AR_dwh","fcre",23,"ensemble",28.6719545994744,"fDOM_QSU_mean",1.6,"P1D","vera4cast"
2024-08-05,2024-07-28,"fdom_AR_dwh","fcre",23,"ensemble",29.4585215840737,"fDOM_QSU_mean",1.6,"P1D","vera4cast"
2024-08-06,2024-07-28,"fdom_AR_dwh","fcre",23,"ensemble",28.4727469266197,"fDOM_QSU_mean",1.6,"P1D","vera4cast"
2024-08-07,2024-07-28,"fdom_AR_dwh","fcre",23,"ensemble",29.1167880205862,"fDOM_QSU_mean",1.6,"P1D","vera4cast"
2024-08-08,2024-07-28,"fdom_AR_dwh","fcre",23,"ensemble",30.9584876709515,"fDOM_QSU_mean",1.6,"P1D","vera4cast"
2024-08-09,2024-07-28,"fdom_AR_dwh","fcre",23,"ensemble",31.4116113660404,"fDOM_QSU_mean",1.6,"P1D","vera4cast"
2024-08-10,2024-07-28,"fdom_AR_dwh","fcre",23,"ensemble",30.3450858119647,"fDOM_QSU_mean",1.6,"P1D","vera4cast"
2024-08-11,2024-07-28,"fdom_AR_dwh","fcre",23,"ensemble",30.9703041016598,"fDOM_QSU_mean",1.6,"P1D","vera4cast"
2024-08-12,2024-07-28,"fdom_AR_dwh","fcre",23,"ensemble",31.4098950518261,"fDOM_QSU_mean",1.6,"P1D","vera4cast"
2024-08-13,2024-07-28,"fdom_AR_dwh","fcre",23,"ensemble",31.2265468739175,"fDOM_QSU_mean",1.6,"P1D","vera4cast"
2024-07-28,2024-07-28,"fdom_AR_dwh","fcre",24,"ensemble",18.5445302374571,"fDOM_QSU_mean",1.6,"P1D","vera4cast"
2024-07-29,2024-07-28,"fdom_AR_dwh","fcre",24,"ensemble",17.6794220167491,"fDOM_QSU_mean",1.6,"P1D","vera4cast"
2024-07-30,2024-07-28,"fdom_AR_dwh","fcre",24,"ensemble",14.5880811596638,"fDOM_QSU_mean",1.6,"P1D","vera4cast"
2024-07-31,2024-07-28,"fdom_AR_dwh","fcre",24,"ensemble",14.3152819166781,"fDOM_QSU_mean",1.6,"P1D","vera4cast"
2024-08-01,2024-07-28,"fdom_AR_dwh","fcre",24,"ensemble",13.3070489688472,"fDOM_QSU_mean",1.6,"P1D","vera4cast"
2024-08-02,2024-07-28,"fdom_AR_dwh","fcre",24,"ensemble",12.7307410821692,"fDOM_QSU_mean",1.6,"P1D","vera4cast"
2024-08-03,2024-07-28,"fdom_AR_dwh","fcre",24,"ensemble",11.4925385117571,"fDOM_QSU_mean",1.6,"P1D","vera4cast"
2024-08-04,2024-07-28,"fdom_AR_dwh","fcre",24,"ensemble",12.1710823743191,"fDOM_QSU_mean",1.6,"P1D","vera4cast"
2024-08-05,2024-07-28,"fdom_AR_dwh","fcre",24,"ensemble",11.7468067806307,"fDOM_QSU_mean",1.6,"P1D","vera4cast"
2024-08-06,2024-07-28,"fdom_AR_dwh","fcre",24,"ensemble",12.2029298570567,"fDOM_QSU_mean",1.6,"P1D","vera4cast"
2024-08-07,2024-07-28,"fdom_AR_dwh","fcre",24,"ensemble",11.9164395119852,"fDOM_QSU_mean",1.6,"P1D","vera4cast"
2024-08-08,2024-07-28,"fdom_AR_dwh","fcre",24,"ensemble",11.4184126386818,"fDOM_QSU_mean",1.6,"P1D","vera4cast"
2024-08-09,2024-07-28,"fdom_AR_dwh","fcre",24,"ensemble",11.1569798385092,"fDOM_QSU_mean",1.6,"P1D","vera4cast"
2024-08-10,2024-07-28,"fdom_AR_dwh","fcre",24,"ensemble",10.1912069275469,"fDOM_QSU_mean",1.6,"P1D","vera4cast"
2024-08-11,2024-07-28,"fdom_AR_dwh","fcre",24,"ensemble",10.3924293573284,"fDOM_QSU_mean",1.6,"P1D","vera4cast"
2024-08-12,2024-07-28,"fdom_AR_dwh","fcre",24,"ensemble",10.8930301034802,"fDOM_QSU_mean",1.6,"P1D","vera4cast"
2024-08-13,2024-07-28,"fdom_AR_dwh","fcre",24,"ensemble",10.6009258522166,"fDOM_QSU_mean",1.6,"P1D","vera4cast"
2024-07-28,2024-07-28,"fdom_AR_dwh","fcre",25,"ensemble",18.7728399444104,"fDOM_QSU_mean",1.6,"P1D","vera4cast"
2024-07-29,2024-07-28,"fdom_AR_dwh","fcre",25,"ensemble",20.1123942793425,"fDOM_QSU_mean",1.6,"P1D","vera4cast"
2024-07-30,2024-07-28,"fdom_AR_dwh","fcre",25,"ensemble",18.6564468382906,"fDOM_QSU_mean",1.6,"P1D","vera4cast"
2024-07-31,2024-07-28,"fdom_AR_dwh","fcre",25,"ensemble",20.0618063921162,"fDOM_QSU_mean",1.6,"P1D","vera4cast"
2024-08-01,2024-07-28,"fdom_AR_dwh","fcre",25,"ensemble",21.160397324533,"fDOM_QSU_mean",1.6,"P1D","vera4cast"
2024-08-02,2024-07-28,"fdom_AR_dwh","fcre",25,"ensemble",21.0109652045808,"fDOM_QSU_mean",1.6,"P1D","vera4cast"
2024-08-03,2024-07-28,"fdom_AR_dwh","fcre",25,"ensemble",21.8650125014719,"fDOM_QSU_mean",1.6,"P1D","vera4cast"
2024-08-04,2024-07-28,"fdom_AR_dwh","fcre",25,"ensemble",24.233556823208,"fDOM_QSU_mean",1.6,"P1D","vera4cast"
2024-08-05,2024-07-28,"fdom_AR_dwh","fcre",25,"ensemble",24.5502967893276,"fDOM_QSU_mean",1.6,"P1D","vera4cast"
2024-08-06,2024-07-28,"fdom_AR_dwh","fcre",25,"ensemble",26.6383816338436,"fDOM_QSU_mean",1.6,"P1D","vera4cast"
2024-08-07,2024-07-28,"fdom_AR_dwh","fcre",25,"ensemble",25.6898518795018,"fDOM_QSU_mean",1.6,"P1D","vera4cast"
2024-08-08,2024-07-28,"fdom_AR_dwh","fcre",25,"ensemble",27.3160703554949,"fDOM_QSU_mean",1.6,"P1D","vera4cast"
2024-08-09,2024-07-28,"fdom_AR_dwh","fcre",25,"ensemble",26.5994390276911,"fDOM_QSU_mean",1.6,"P1D","vera4cast"
2024-08-10,2024-07-28,"fdom_AR_dwh","fcre",25,"ensemble",26.7120368707473,"fDOM_QSU_mean",1.6,"P1D","vera4cast"
2024-08-11,2024-07-28,"fdom_AR_dwh","fcre",25,"ensemble",27.5947352379839,"fDOM_QSU_mean",1.6,"P1D","vera4cast"
2024-08-12,2024-07-28,"fdom_AR_dwh","fcre",25,"ensemble",28.0118537065617,"fDOM_QSU_mean",1.6,"P1D","vera4cast"
2024-08-13,2024-07-28,"fdom_AR_dwh","fcre",25,"ensemble",27.0772157281656,"fDOM_QSU_mean",1.6,"P1D","vera4cast"
2024-07-28,2024-07-28,"fdom_AR_dwh","fcre",26,"ensemble",18.7378635090041,"fDOM_QSU_mean",1.6,"P1D","vera4cast"
2024-07-29,2024-07-28,"fdom_AR_dwh","fcre",26,"ensemble",17.9919936724882,"fDOM_QSU_mean",1.6,"P1D","vera4cast"
2024-07-30,2024-07-28,"fdom_AR_dwh","fcre",26,"ensemble",18.0667017355363,"fDOM_QSU_mean",1.6,"P1D","vera4cast"
2024-07-31,2024-07-28,"fdom_AR_dwh","fcre",26,"ensemble",18.2512377866614,"fDOM_QSU_mean",1.6,"P1D","vera4cast"
2024-08-01,2024-07-28,"fdom_AR_dwh","fcre",26,"ensemble",20.7873768961116,"fDOM_QSU_mean",1.6,"P1D","vera4cast"
2024-08-02,2024-07-28,"fdom_AR_dwh","fcre",26,"ensemble",21.6474920200332,"fDOM_QSU_mean",1.6,"P1D","vera4cast"
2024-08-03,2024-07-28,"fdom_AR_dwh","fcre",26,"ensemble",22.2648066285856,"fDOM_QSU_mean",1.6,"P1D","vera4cast"
2024-08-04,2024-07-28,"fdom_AR_dwh","fcre",26,"ensemble",23.1198883305059,"fDOM_QSU_mean",1.6,"P1D","vera4cast"
2024-08-05,2024-07-28,"fdom_AR_dwh","fcre",26,"ensemble",23.121278010786,"fDOM_QSU_mean",1.6,"P1D","vera4cast"
2024-08-06,2024-07-28,"fdom_AR_dwh","fcre",26,"ensemble",22.9321452317441,"fDOM_QSU_mean",1.6,"P1D","vera4cast"
2024-08-07,2024-07-28,"fdom_AR_dwh","fcre",26,"ensemble",25.1919275440021,"fDOM_QSU_mean",1.6,"P1D","vera4cast"
2024-08-08,2024-07-28,"fdom_AR_dwh","fcre",26,"ensemble",27.3855742050875,"fDOM_QSU_mean",1.6,"P1D","vera4cast"
2024-08-09,2024-07-28,"fdom_AR_dwh","fcre",26,"ensemble",28.0172079211645,"fDOM_QSU_mean",1.6,"P1D","vera4cast"
2024-08-10,2024-07-28,"fdom_AR_dwh","fcre",26,"ensemble",28.3367027565942,"fDOM_QSU_mean",1.6,"P1D","vera4cast"
2024-08-11,2024-07-28,"fdom_AR_dwh","fcre",26,"ensemble",29.0704074392149,"fDOM_QSU_mean",1.6,"P1D","vera4cast"
2024-08-12,2024-07-28,"fdom_AR_dwh","fcre",26,"ensemble",30.3232332727946,"fDOM_QSU_mean",1.6,"P1D","vera4cast"
2024-08-13,2024-07-28,"fdom_AR_dwh","fcre",26,"ensemble",30.8780401282163,"fDOM_QSU_mean",1.6,"P1D","vera4cast"
2024-07-28,2024-07-28,"fdom_AR_dwh","fcre",27,"ensemble",18.7657400044367,"fDOM_QSU_mean",1.6,"P1D","vera4cast"
2024-07-29,2024-07-28,"fdom_AR_dwh","fcre",27,"ensemble",20.973120167704,"fDOM_QSU_mean",1.6,"P1D","vera4cast"
2024-07-30,2024-07-28,"fdom_AR_dwh","fcre",27,"ensemble",22.8035977045009,"fDOM_QSU_mean",1.6,"P1D","vera4cast"
2024-07-31,2024-07-28,"fdom_AR_dwh","fcre",27,"ensemble",24.8110504757075,"fDOM_QSU_mean",1.6,"P1D","vera4cast"
2024-08-01,2024-07-28,"fdom_AR_dwh","fcre",27,"ensemble",25.9093691749369,"fDOM_QSU_mean",1.6,"P1D","vera4cast"
2024-08-02,2024-07-28,"fdom_AR_dwh","fcre",27,"ensemble",26.2573389457154,"fDOM_QSU_mean",1.6,"P1D","vera4cast"
2024-08-03,2024-07-28,"fdom_AR_dwh","fcre",27,"ensemble",26.2118771364179,"fDOM_QSU_mean",1.6,"P1D","vera4cast"
2024-08-04,2024-07-28,"fdom_AR_dwh","fcre",27,"ensemble",26.1026551159344,"fDOM_QSU_mean",1.6,"P1D","vera4cast"
2024-08-05,2024-07-28,"fdom_AR_dwh","fcre",27,"ensemble",27.7157993634348,"fDOM_QSU_mean",1.6,"P1D","vera4cast"
2024-08-06,2024-07-28,"fdom_AR_dwh","fcre",27,"ensemble",27.3067321013,"fDOM_QSU_mean",1.6,"P1D","vera4cast"
2024-08-07,2024-07-28,"fdom_AR_dwh","fcre",27,"ensemble",28.833644746296,"fDOM_QSU_mean",1.6,"P1D","vera4cast"
2024-08-08,2024-07-28,"fdom_AR_dwh","fcre",27,"ensemble",27.6859358093968,"fDOM_QSU_mean",1.6,"P1D","vera4cast"
2024-08-09,2024-07-28,"fdom_AR_dwh","fcre",27,"ensemble",29.2962717846773,"fDOM_QSU_mean",1.6,"P1D","vera4cast"
2024-08-10,2024-07-28,"fdom_AR_dwh","fcre",27,"ensemble",29.295997327701,"fDOM_QSU_mean",1.6,"P1D","vera4cast"
2024-08-11,2024-07-28,"fdom_AR_dwh","fcre",27,"ensemble",30.9129263473749,"fDOM_QSU_mean",1.6,"P1D","vera4cast"
2024-08-12,2024-07-28,"fdom_AR_dwh","fcre",27,"ensemble",31.7764532980439,"fDOM_QSU_mean",1.6,"P1D","vera4cast"
2024-08-13,2024-07-28,"fdom_AR_dwh","fcre",27,"ensemble",30.2036068047939,"fDOM_QSU_mean",1.6,"P1D","vera4cast"
2024-07-28,2024-07-28,"fdom_AR_dwh","fcre",28,"ensemble",18.6463643751826,"fDOM_QSU_mean",1.6,"P1D","vera4cast"
2024-07-29,2024-07-28,"fdom_AR_dwh","fcre",28,"ensemble",21.0764607161963,"fDOM_QSU_mean",1.6,"P1D","vera4cast"
2024-07-30,2024-07-28,"fdom_AR_dwh","fcre",28,"ensemble",22.9126807710305,"fDOM_QSU_mean",1.6,"P1D","vera4cast"
2024-07-31,2024-07-28,"fdom_AR_dwh","fcre",28,"ensemble",22.7249481860707,"fDOM_QSU_mean",1.6,"P1D","vera4cast"
2024-08-01,2024-07-28,"fdom_AR_dwh","fcre",28,"ensemble",25.1764040956855,"fDOM_QSU_mean",1.6,"P1D","vera4cast"
2024-08-02,2024-07-28,"fdom_AR_dwh","fcre",28,"ensemble",25.2086286850474,"fDOM_QSU_mean",1.6,"P1D","vera4cast"
2024-08-03,2024-07-28,"fdom_AR_dwh","fcre",28,"ensemble",26.2874147374423,"fDOM_QSU_mean",1.6,"P1D","vera4cast"
2024-08-04,2024-07-28,"fdom_AR_dwh","fcre",28,"ensemble",27.5697059672021,"fDOM_QSU_mean",1.6,"P1D","vera4cast"
2024-08-05,2024-07-28,"fdom_AR_dwh","fcre",28,"ensemble",27.4394006651814,"fDOM_QSU_mean",1.6,"P1D","vera4cast"
2024-08-06,2024-07-28,"fdom_AR_dwh","fcre",28,"ensemble",28.7992482949524,"fDOM_QSU_mean",1.6,"P1D","vera4cast"
2024-08-07,2024-07-28,"fdom_AR_dwh","fcre",28,"ensemble",29.5644101479424,"fDOM_QSU_mean",1.6,"P1D","vera4cast"
2024-08-08,2024-07-28,"fdom_AR_dwh","fcre",28,"ensemble",30.7418624202664,"fDOM_QSU_mean",1.6,"P1D","vera4cast"
2024-08-09,2024-07-28,"fdom_AR_dwh","fcre",28,"ensemble",31.4720266587861,"fDOM_QSU_mean",1.6,"P1D","vera4cast"
2024-08-10,2024-07-28,"fdom_AR_dwh","fcre",28,"ensemble",33.6232134180333,"fDOM_QSU_mean",1.6,"P1D","vera4cast"
2024-08-11,2024-07-28,"fdom_AR_dwh","fcre",28,"ensemble",33.9202201294349,"fDOM_QSU_mean",1.6,"P1D","vera4cast"
2024-08-12,2024-07-28,"fdom_AR_dwh","fcre",28,"ensemble",34.5643071235311,"fDOM_QSU_mean",1.6,"P1D","vera4cast"
2024-08-13,2024-07-28,"fdom_AR_dwh","fcre",28,"ensemble",34.7927340830532,"fDOM_QSU_mean",1.6,"P1D","vera4cast"
2024-07-28,2024-07-28,"fdom_AR_dwh","fcre",29,"ensemble",18.6578404227117,"fDOM_QSU_mean",1.6,"P1D","vera4cast"
2024-07-29,2024-07-28,"fdom_AR_dwh","fcre",29,"ensemble",19.5020283140688,"fDOM_QSU_mean",1.6,"P1D","vera4cast"
2024-07-30,2024-07-28,"fdom_AR_dwh","fcre",29,"ensemble",20.0549284248553,"fDOM_QSU_mean",1.6,"P1D","vera4cast"
2024-07-31,2024-07-28,"fdom_AR_dwh","fcre",29,"ensemble",19.2343379783435,"fDOM_QSU_mean",1.6,"P1D","vera4cast"
2024-08-01,2024-07-28,"fdom_AR_dwh","fcre",29,"ensemble",20.1113610834716,"fDOM_QSU_mean",1.6,"P1D","vera4cast"
2024-08-02,2024-07-28,"fdom_AR_dwh","fcre",29,"ensemble",22.8060732758516,"fDOM_QSU_mean",1.6,"P1D","vera4cast"
2024-08-03,2024-07-28,"fdom_AR_dwh","fcre",29,"ensemble",23.8924882590389,"fDOM_QSU_mean",1.6,"P1D","vera4cast"
2024-08-04,2024-07-28,"fdom_AR_dwh","fcre",29,"ensemble",23.2207458043527,"fDOM_QSU_mean",1.6,"P1D","vera4cast"
2024-08-05,2024-07-28,"fdom_AR_dwh","fcre",29,"ensemble",21.712203719447,"fDOM_QSU_mean",1.6,"P1D","vera4cast"
2024-08-06,2024-07-28,"fdom_AR_dwh","fcre",29,"ensemble",21.3810352780241,"fDOM_QSU_mean",1.6,"P1D","vera4cast"
2024-08-07,2024-07-28,"fdom_AR_dwh","fcre",29,"ensemble",21.7669199805397,"fDOM_QSU_mean",1.6,"P1D","vera4cast"
2024-08-08,2024-07-28,"fdom_AR_dwh","fcre",29,"ensemble",20.9424994392276,"fDOM_QSU_mean",1.6,"P1D","vera4cast"
2024-08-09,2024-07-28,"fdom_AR_dwh","fcre",29,"ensemble",22.1395741226393,"fDOM_QSU_mean",1.6,"P1D","vera4cast"
2024-08-10,2024-07-28,"fdom_AR_dwh","fcre",29,"ensemble",22.6283279949637,"fDOM_QSU_mean",1.6,"P1D","vera4cast"
2024-08-11,2024-07-28,"fdom_AR_dwh","fcre",29,"ensemble",23.2845740519396,"fDOM_QSU_mean",1.6,"P1D","vera4cast"
2024-08-12,2024-07-28,"fdom_AR_dwh","fcre",29,"ensemble",22.6671007973323,"fDOM_QSU_mean",1.6,"P1D","vera4cast"
2024-08-13,2024-07-28,"fdom_AR_dwh","fcre",29,"ensemble",23.9649785382482,"fDOM_QSU_mean",1.6,"P1D","vera4cast"
2024-07-28,2024-07-28,"fdom_AR_dwh","fcre",30,"ensemble",18.6552784682317,"fDOM_QSU_mean",1.6,"P1D","vera4cast"
2024-07-29,2024-07-28,"fdom_AR_dwh","fcre",30,"ensemble",19.0205940115833,"fDOM_QSU_mean",1.6,"P1D","vera4cast"
2024-07-30,2024-07-28,"fdom_AR_dwh","fcre",30,"ensemble",20.4628191679165,"fDOM_QSU_mean",1.6,"P1D","vera4cast"
2024-07-31,2024-07-28,"fdom_AR_dwh","fcre",30,"ensemble",21.1540149421533,"fDOM_QSU_mean",1.6,"P1D","vera4cast"
2024-08-01,2024-07-28,"fdom_AR_dwh","fcre",30,"ensemble",21.1998690925524,"fDOM_QSU_mean",1.6,"P1D","vera4cast"
2024-08-02,2024-07-28,"fdom_AR_dwh","fcre",30,"ensemble",23.2464862731346,"fDOM_QSU_mean",1.6,"P1D","vera4cast"
2024-08-03,2024-07-28,"fdom_AR_dwh","fcre",30,"ensemble",24.6987616339475,"fDOM_QSU_mean",1.6,"P1D","vera4cast"
2024-08-04,2024-07-28,"fdom_AR_dwh","fcre",30,"ensemble",25.9523275940256,"fDOM_QSU_mean",1.6,"P1D","vera4cast"
2024-08-05,2024-07-28,"fdom_AR_dwh","fcre",30,"ensemble",28.2892276261588,"fDOM_QSU_mean",1.6,"P1D","vera4cast"
2024-08-06,2024-07-28,"fdom_AR_dwh","fcre",30,"ensemble",27.9562004614106,"fDOM_QSU_mean",1.6,"P1D","vera4cast"
2024-08-07,2024-07-28,"fdom_AR_dwh","fcre",30,"ensemble",28.4180256026912,"fDOM_QSU_mean",1.6,"P1D","vera4cast"
2024-08-08,2024-07-28,"fdom_AR_dwh","fcre",30,"ensemble",28.8382111958861,"fDOM_QSU_mean",1.6,"P1D","vera4cast"
2024-08-09,2024-07-28,"fdom_AR_dwh","fcre",30,"ensemble",28.2853194277861,"fDOM_QSU_mean",1.6,"P1D","vera4cast"
2024-08-10,2024-07-28,"fdom_AR_dwh","fcre",30,"ensemble",28.9468604507035,"fDOM_QSU_mean",1.6,"P1D","vera4cast"
2024-08-11,2024-07-28,"fdom_AR_dwh","fcre",30,"ensemble",31.5173604721013,"fDOM_QSU_mean",1.6,"P1D","vera4cast"
2024-08-12,2024-07-28,"fdom_AR_dwh","fcre",30,"ensemble",33.0969531980866,"fDOM_QSU_mean",1.6,"P1D","vera4cast"
2024-08-13,2024-07-28,"fdom_AR_dwh","fcre",30,"ensemble",32.6838827339162,"fDOM_QSU_mean",1.6,"P1D","vera4cast"
2024-07-28,2024-07-28,"fdom_AR_dwh","fcre",31,"ensemble",18.7105082195269,"fDOM_QSU_mean",1.6,"P1D","vera4cast"
2024-07-29,2024-07-28,"fdom_AR_dwh","fcre",31,"ensemble",17.209771838603,"fDOM_QSU_mean",1.6,"P1D","vera4cast"
2024-07-30,2024-07-28,"fdom_AR_dwh","fcre",31,"ensemble",16.6780243652438,"fDOM_QSU_mean",1.6,"P1D","vera4cast"
2024-07-31,2024-07-28,"fdom_AR_dwh","fcre",31,"ensemble",16.5823688053352,"fDOM_QSU_mean",1.6,"P1D","vera4cast"
2024-08-01,2024-07-28,"fdom_AR_dwh","fcre",31,"ensemble",14.6808081920235,"fDOM_QSU_mean",1.6,"P1D","vera4cast"
2024-08-02,2024-07-28,"fdom_AR_dwh","fcre",31,"ensemble",15.3579669859091,"fDOM_QSU_mean",1.6,"P1D","vera4cast"
2024-08-03,2024-07-28,"fdom_AR_dwh","fcre",31,"ensemble",16.3594271778987,"fDOM_QSU_mean",1.6,"P1D","vera4cast"
2024-08-04,2024-07-28,"fdom_AR_dwh","fcre",31,"ensemble",17.4112748038098,"fDOM_QSU_mean",1.6,"P1D","vera4cast"
2024-08-05,2024-07-28,"fdom_AR_dwh","fcre",31,"ensemble",17.6169578421751,"fDOM_QSU_mean",1.6,"P1D","vera4cast"
2024-08-06,2024-07-28,"fdom_AR_dwh","fcre",31,"ensemble",19.5509856564981,"fDOM_QSU_mean",1.6,"P1D","vera4cast"
2024-08-07,2024-07-28,"fdom_AR_dwh","fcre",31,"ensemble",18.1808351106454,"fDOM_QSU_mean",1.6,"P1D","vera4cast"
2024-08-08,2024-07-28,"fdom_AR_dwh","fcre",31,"ensemble",18.3291328174252,"fDOM_QSU_mean",1.6,"P1D","vera4cast"
2024-08-09,2024-07-28,"fdom_AR_dwh","fcre",31,"ensemble",19.0462171838194,"fDOM_QSU_mean",1.6,"P1D","vera4cast"
2024-08-10,2024-07-28,"fdom_AR_dwh","fcre",31,"ensemble",18.905817946762,"fDOM_QSU_mean",1.6,"P1D","vera4cast"
2024-08-11,2024-07-28,"fdom_AR_dwh","fcre",31,"ensemble",17.727219131508,"fDOM_QSU_mean",1.6,"P1D","vera4cast"
2024-08-12,2024-07-28,"fdom_AR_dwh","fcre",31,"ensemble",18.2439007335006,"fDOM_QSU_mean",1.6,"P1D","vera4cast"
2024-08-13,2024-07-28,"fdom_AR_dwh","fcre",31,"ensemble",19.6450990397056,"fDOM_QSU_mean",1.6,"P1D","vera4cast"
